AG_BAFAunNA,BB_SBSdw3,FB_ESSFwvpNA,LL_CMAunNA,LS_ICHmc2
AG_ESSFmcNA,BB_SBSmc2,FP_BAFAunNA,LL_CWHws2,LS_ICHvcNA
AG_ESSFmcpNA,BB_SBSwk3,FP_ESSFmcNA,LL_ESSFmcNA,LS_MHmm1
AG_ESSFmkpNA,BG_ESSFmcNA,FP_ESSFmcpNA,LL_ESSFmcpNA,LS_MHmm2
AM_BAFAunNA,BG_ESSFmv1,FP_ESSFmv3,LL_ESSFmkNA,LS_MHmmpNA
AM_ESSFmcpNA,BG_ESSFmv3,FP_ESSFmvpNA,LL_ESSFmkpNA,LS_SBPSmcNA
AM_ESSFmvpNA,CF_SBSdkNA,FP_ESSFwvNA,LL_ESSFunNA,LS_SBSdkNA
AM_ESSFwvpNA,CR_ICHmc2,FP_ESSFwvpNA,LL_ESSFunpNA,LS_SBSdw3
AT_BAFAunNA,CS_ICHmc1,FR_CWHws2,LL_ESSFwvNA,LS_SBSmc2
AT_BAFAunpNA,CS_ICHmc2,FR_ICHmc1,LL_ICHmc1,LS_SBSwk3
AT_CMAunNA,CS_ICHvcNA,GL_BAFAunNA,LL_ICHmc2,ME_ESSFmcNA
AT_CMAunpNA,CW_CWHws2,GL_BAFAunpNA,LL_ICHvcNA,ME_ESSFmkNA
AT_ESSFmcpNA,DF_SBPSmcNA,GL_CMAunNA,LL_MHmm2,ME_ESSFwvNA
AT_ESSFmkpNA,DF_SBSdkNA,GL_CMAunpNA,LL_MHmmpNA,ME_ICHmc1
AT_ESSFmvpNA,DF_SBSdw3,GL_ESSFmcpNA,LL_SBPSmcNA,ME_ICHvcNA
AT_ESSFwvpNA,DF_SBSmc2,GL_ESSFmkpNA,LL_SBSdkNA,ME_MHmm2
AU_BAFAunNA,DF_SBSwk3,GL_ESSFunNA,LL_SBSdw3,ME_SBSmc2
AU_BAFAunpNA,EF_ESSFmcNA,GL_ESSFunpNA,LL_SBSmc2,MF_CWHwmNA
AU_CMAunNA,EF_ESSFmcpNA,GL_ESSFwvNA,LL_SBSwk3,MF_MHmm1
AU_CMAunpNA,EF_ESSFmkNA,GL_ESSFwvpNA,LP_ESSFmcNA,MF_MHmm2
AV_BAFAunNA,EF_ESSFmkpNA,GL_MHmmpNA,LP_ICHmc1,MF_MHmmpNA
AV_CWHwmNA,EF_ESSFmv1,GP_ICHmc1,LP_ICHvcNA,MI_ESSFmcNA
AV_CWHws2,EF_ESSFmv3,GP_ICHmc2,LP_SBPSmcNA,MI_SBSdw3
AV_ESSFmcNA,EF_ESSFmvpNA,GP_ICHvcNA,LP_SBSdkNA,MI_SBSmc2
AV_ESSFmcpNA,EF_ESSFunNA,GP_SBSdkNA,LP_SBSmc2,MS_SBPSmcNA
AV_ESSFmkNA,EF_ESSFwvNA,GP_SBSmc2,LS_BAFAunNA,OW_BAFAunNA
AV_ESSFmkpNA,EF_ESSFwvpNA,GP_SBSwk3,LS_CMAunNA,OW_CMAunNA
AV_ESSFunNA,ER_ESSFmcNA,HL_CWHws2,LS_CWHwmNA,OW_CWHwmNA
AV_ESSFunpNA,ER_ESSFmkNA,HL_ICHmc2,LS_CWHws2,OW_CWHws2
AV_ESSFwvNA,ER_ESSFwvNA,HP_BAFAunNA,LS_ESSFmcNA,OW_ESSFmcNA
AV_ESSFwvpNA,ES_CWHwmNA,HP_BAFAunpNA,LS_ESSFmcpNA,OW_ESSFmcpNA
AV_ICHmc1,EW_ESSFmcNA,HP_CMAunNA,LS_ESSFmkNA,OW_ESSFmkNA
AV_ICHvcNA,EW_ESSFmkNA,HP_CMAunpNA,LS_ESSFmkpNA,OW_ESSFmkpNA
AV_MHmm1,EW_ESSFunNA,HP_MHmm1,LS_ESSFmv1,OW_ESSFmv1
AV_MHmm2,EW_ESSFwvNA,HP_MHmm2,LS_ESSFmv3,OW_ESSFmv3
AV_MHmmpNA,EW_ESSFwvpNA,HP_MHmmpNA,LS_ESSFmvpNA,OW_ESSFunNA
AV_SBSmc2,FB_ESSFmcpNA,HS_CWHwmNA,LS_ESSFunNA,OW_ESSFunpNA
AV_SBSunNA,FB_ESSFmkNA,IS_ICHmc1,LS_ESSFunpNA,OW_ESSFwvNA
BB_ICHmc2,FB_ESSFmvpNA,IS_ICHmc2,LS_ESSFwvNA,OW_ESSFwvpNA
BB_SBPSmcNA,FB_ESSFunNA,IS_ICHvcNA,LS_ESSFwvpNA,OW_ICHmc1
BB_SBSdkNA,FB_ESSFunpNA,LL_BAFAunNA,LS_ICHmc1,OW_ICHmc2
OW_ICHvcNA,SB_ICHmc2,SU_ESSFwvpNA,UV_ICHmc1,WL_SBSwk3
OW_MHmm1,SB_SBSdkNA,TA_BAFAunNA,UV_ICHmc2,WP_BAFAunNA
OW_MHmm2,SB_SBSmc2,TA_BAFAunpNA,UV_ICHvcNA,WP_ESSFmcNA
OW_MHmmpNA,SD_SBSdkNA,TA_CMAunNA,UV_MHmm1,WP_ESSFmkNA
OW_SBPSmcNA,SD_SBSdw3,TA_CWHws2,UV_MHmm2,WP_ESSFmkpNA
OW_SBSdkNA,SD_SBSmc2,TA_ESSFmcNA,UV_MHmmpNA,WP_ESSFwvNA
OW_SBSdw3,SF_ICHmc1,TA_ESSFmcpNA,UV_SBPSmcNA,WP_ESSFwvpNA
OW_SBSmc2,SF_ICHmc2,TA_ESSFmkNA,UV_SBSdkNA,WR_ICHmc1
OW_SBSunNA,SF_ICHvcNA,TA_ESSFmkpNA,UV_SBSmc2,WR_ICHmc2
OW_SBSwk3,SF_SBSdkNA,TA_ESSFwvNA,WB_BAFAunNA,WR_ICHvcNA
RE_SBSmc2,SF_SBSdw3,TA_ESSFwvpNA,WB_ESSFmcNA,WR_SBPSmcNA
RI_ICHmc1,SF_SBSmc2,TA_ICHmc1,WB_ESSFmkNA,WR_SBSdkNA
RI_ICHmc2,SF_SBSunNA,TA_ICHmc2,WB_ESSFmkpNA,WR_SBSdw3
RO_CWHwmNA,SF_SBSwk3,TA_MHmm2,WB_MHmm2,WR_SBSmc2
RO_CWHws2,SG_ESSFmcNA,TA_MHmmpNA,WB_MHmmpNA,WR_SBSwk3
RO_ESSFmcNA,SG_ESSFwvNA,TA_SBSdkNA,WL_BAFAunNA,
RO_ESSFmcpNA,SL_CWHws2,TA_SBSmc2,WL_CMAunNA,
RO_ESSFmkNA,SL_ICHmc1,TC_ESSFmcNA,WL_CWHwmNA,
RO_ESSFmkpNA,SL_SBPSmcNA,TC_ESSFmv1,WL_CWHws2,
RO_ESSFmv3,SL_SBSdkNA,TC_SBSdkNA,WL_ESSFmcNA,
RO_ESSFmvpNA,SL_SBSdw3,TC_SBSmc2,WL_ESSFmcpNA,
RO_ESSFunNA,SL_SBSmc2,UR_CWHwmNA,WL_ESSFmkNA,
RO_ESSFunpNA,SL_SBSunNA,UR_CWHws2,WL_ESSFmkpNA,
RO_ESSFwvNA,SL_SBSwk3,UR_ESSFmcNA,WL_ESSFmv1,
RO_ESSFwvpNA,SM_ESSFmcNA,UR_ESSFwvNA,WL_ESSFmv3,
RO_ICHmc1,SM_ESSFmcpNA,UR_ICHmc1,WL_ESSFmvpNA,
RO_ICHmc2,SM_ESSFmkNA,UR_ICHmc2,WL_ESSFunNA,
RO_ICHvcNA,SM_ESSFmkpNA,UR_ICHvcNA,WL_ESSFunpNA,
RO_MHmm1,SM_ESSFunNA,UR_MHmm2,WL_ESSFwvNA,
RO_MHmm2,SM_ESSFunpNA,UR_SBSmc2,WL_ESSFwvpNA,
RO_MHmmpNA,SM_ESSFwvNA,UV_CWHws2,WL_ICHmc1,
RO_SBSdkNA,SM_ESSFwvpNA,UV_ESSFmcNA,WL_ICHmc2,
RO_SBSmc2,SM_MHmm1,UV_ESSFmcpNA,WL_ICHvcNA,
RO_SBSunNA,SM_MHmm2,UV_ESSFmkNA,WL_MHmm1,
RR_ICHmc1,SM_MHmmpNA,UV_ESSFmkpNA,WL_MHmm2,
RR_ICHmc2,SM_SWBmksNA,UV_ESSFmv3,WL_MHmmpNA,
RR_ICHvcNA,SR_CWHwmNA,UV_ESSFmvpNA,WL_SBPSmcNA,
SA_ICHmc2,SR_CWHws2,UV_ESSFunNA,WL_SBSdkNA,
SA_SBSdkNA,SR_MHmm2,UV_ESSFunpNA,WL_SBSdw3,
SA_SBSmc2,ST_CWHwmNA,UV_ESSFwvNA,WL_SBSmc2,
SB_ICHmc1,SU_ESSFmkNA,UV_ESSFwvpNA,WL_SBSunNA,
